t_s,x_px,y_px,elevation
0.0,75.0,54.0,1498.00732421875
0.1,75.11,54.08,1498.00732421875
0.2,75.22,54.16,1498.00732421875
0.3,75.32,54.23,1498.00732421875
0.4,75.43,54.31,1498.00732421875
0.5,75.54,54.39,1498.00732421875
0.6,75.65,54.47,1498.00732421875
0.7,75.76,54.55,1504.09375
0.8,75.87,54.62,1504.09375
0.9,75.97,54.7,1504.09375
1.0,76.08,54.78,1504.09375
1.1,76.19,54.86,1504.09375
1.2,76.3,54.94,1504.09375
1.3,76.41,55.01,1504.09375
1.4,76.51,55.09,1497.2586669921875
1.5,76.62,55.17,1497.2586669921875
1.6,76.73,55.25,1497.2586669921875
1.7,76.84,55.33,1497.2586669921875
1.8,76.95,55.4,1497.2586669921875
1.9,77.05,55.48,1497.2586669921875
2.0,77.16,55.56,1503.692626953125
2.1,77.27,55.64,1503.692626953125
2.2,77.38,55.72,1503.692626953125
2.3,77.49,55.79,1503.692626953125
2.4,77.6,55.87,1497.9801025390625
2.5,77.7,55.95,1497.9801025390625
2.6,77.81,56.03,1497.9801025390625
2.7,77.92,56.11,1497.9801025390625
2.8,78.03,56.18,1497.9801025390625
2.9,78.14,56.26,1497.9801025390625
3.0,78.24,56.34,1497.9801025390625
3.1,78.35,56.42,1497.9801025390625
3.2,78.46,56.5,1497.9801025390625
3.3,78.57,56.57,1497.3775634765625
3.4,78.68,56.65,1497.3775634765625
3.5,78.78,56.73,1497.3775634765625
3.6,78.89,56.81,1497.3775634765625
3.7,79.0,56.89,1497.3775634765625
3.8,79.11,56.96,1497.3775634765625
3.9,79.22,57.04,1497.3775634765625
4.0,79.33,57.12,1497.3775634765625
4.1,79.43,57.2,1497.3775634765625
4.2,79.54,57.28,1489.030517578125
4.3,79.65,57.35,1489.030517578125
4.4,79.76,57.43,1489.030517578125
4.5,79.87,57.51,1486.498291015625
4.6,79.97,57.59,1486.498291015625
4.7,80.08,57.67,1486.498291015625
4.8,80.19,57.74,1486.498291015625
4.9,80.3,57.82,1486.498291015625
5.0,80.41,57.9,1486.498291015625
5.1,80.51,57.98,1475.896728515625
5.2,80.62,58.06,1475.896728515625
5.3,80.73,58.13,1475.896728515625
5.4,80.84,58.21,1475.896728515625
5.5,80.95,58.29,1475.896728515625
5.6,81.06,58.37,1475.896728515625
5.7,81.16,58.45,1475.896728515625
5.8,81.27,58.52,1483.5634765625
5.9,81.38,58.6,1483.5634765625
6.0,81.49,58.68,1483.5634765625
6.1,81.6,58.76,1483.5634765625
6.2,81.7,58.84,1483.5634765625
6.3,81.81,58.91,1483.5634765625
6.4,81.92,58.99,1483.5634765625
6.5,82.03,59.07,1483.5634765625
6.6,82.14,59.15,1483.5634765625
6.7,82.24,59.23,1483.5634765625
6.8,82.35,59.3,1483.5634765625
6.9,82.46,59.38,1483.5634765625
7.0,82.57,59.46,1475.4139404296875
7.1,82.68,59.54,1486.0960693359375
7.2,82.79,59.62,1486.0960693359375
7.3,82.89,59.69,1486.0960693359375
7.4,83.0,59.77,1486.0960693359375
7.5,83.11,59.85,1486.0960693359375
7.6,83.22,59.93,1486.0960693359375
7.7,83.33,60.01,1486.0960693359375
7.8,83.43,60.08,1486.0960693359375
7.9,83.54,60.16,1479.4332275390625
8.0,83.65,60.24,1479.4332275390625
8.1,83.76,60.32,1479.4332275390625
8.2,83.87,60.4,1479.4332275390625
8.3,83.98,60.47,1479.4332275390625
8.4,84.08,60.55,1489.9742431640625
8.5,84.19,60.63,1489.9742431640625
8.6,84.3,60.71,1489.9742431640625
8.7,84.41,60.79,1489.9742431640625
8.8,84.52,60.86,1489.9742431640625
8.9,84.62,60.94,1489.9742431640625
9.0,84.73,61.02,1489.9742431640625
9.1,84.84,61.1,1489.9742431640625
9.2,84.95,61.18,1489.9742431640625
9.3,85.06,61.25,1489.9742431640625
9.4,85.16,61.33,1489.9742431640625
9.5,85.27,61.41,1489.9742431640625
9.6,85.38,61.49,1489.9742431640625
9.7,85.49,61.57,1499.209716796875
9.8,85.6,61.64,1493.695556640625
9.9,85.71,61.72,1493.695556640625
10.0,85.81,61.8,1493.695556640625
10.1,85.92,61.88,1493.695556640625
10.2,86.03,61.96,1493.695556640625
10.3,86.14,62.03,1493.695556640625
10.4,86.25,62.11,1493.695556640625
10.5,86.35,62.19,1493.695556640625
10.6,86.46,62.27,1493.695556640625
10.7,86.57,62.35,1486.855712890625
10.8,86.68,62.42,1486.855712890625
10.9,86.79,62.5,1496.035400390625
11.0,86.89,62.58,1496.035400390625
11.1,87.0,62.66,1496.035400390625
11.2,87.11,62.74,1496.035400390625
11.3,87.22,62.81,1496.035400390625
11.4,87.33,62.89,1496.035400390625
11.5,87.44,62.97,1496.035400390625
11.6,87.54,63.05,1496.035400390625
11.7,87.65,63.13,1496.035400390625
11.8,87.76,63.2,1496.035400390625
11.9,87.87,63.28,1496.035400390625
12.0,87.98,63.36,1496.035400390625
12.1,88.08,63.44,1496.035400390625
12.2,88.19,63.52,1504.2025146484375
12.3,88.3,63.59,1504.2025146484375
12.4,88.41,63.67,1504.2025146484375
12.5,88.52,63.75,1496.885498046875
12.6,88.62,63.83,1496.885498046875
12.7,88.73,63.91,1496.885498046875
12.8,88.84,63.98,1496.885498046875
12.9,88.95,64.06,1496.885498046875
13.0,89.06,64.14,1496.885498046875
13.1,89.17,64.22,1496.885498046875
13.2,89.27,64.3,1496.885498046875
13.3,89.38,64.37,1496.885498046875
13.4,89.49,64.45,1496.885498046875
13.5,89.6,64.53,1495.67529296875
13.6,89.71,64.61,1495.67529296875
13.7,89.81,64.69,1495.67529296875
13.8,89.92,64.76,1495.67529296875
13.9,90.03,64.84,1495.67529296875
14.0,90.14,64.92,1495.67529296875
14.1,90.25,65.0,1495.67529296875
14.2,90.35,65.08,1495.67529296875
14.3,90.46,65.15,1495.67529296875
14.4,90.57,65.23,1495.67529296875
14.5,90.68,65.31,1495.67529296875
14.6,90.79,65.39,1495.67529296875
14.7,90.9,65.47,1495.67529296875
14.8,91.0,65.54,1503.8570556640625
14.9,91.11,65.62,1503.8570556640625
15.0,91.22,65.7,1503.8570556640625
15.1,91.33,65.78,1503.8570556640625
15.2,91.44,65.86,1503.8570556640625
15.3,91.54,65.93,1492.3978271484375
15.4,91.65,66.01,1492.3978271484375
15.5,91.76,66.09,1492.3978271484375
15.6,91.87,66.17,1492.3978271484375
15.7,91.98,66.25,1492.3978271484375
15.8,92.09,66.33,1492.3978271484375
15.9,92.19,66.4,1492.3978271484375
16.0,92.3,66.48,1492.3978271484375
16.1,92.41,66.56,1501.37744140625
16.2,92.52,66.64,1487.538330078125
16.3,92.63,66.72,1487.538330078125
16.4,92.73,66.79,1487.538330078125
16.5,92.84,66.87,1487.538330078125
16.6,92.95,66.95,1487.538330078125
16.7,93.06,67.03,1487.538330078125
16.8,93.17,67.11,1487.538330078125
16.9,93.27,67.18,1487.538330078125
17.0,93.38,67.26,1487.538330078125
17.1,93.49,67.34,1487.538330078125
17.2,93.6,67.42,1487.538330078125
17.3,93.71,67.5,1487.538330078125
17.4,93.82,67.57,1497.8504638671875
17.5,93.92,67.65,1497.8504638671875
17.6,94.03,67.73,1497.8504638671875
17.7,94.14,67.81,1497.8504638671875
17.8,94.25,67.89,1497.8504638671875
17.9,94.36,67.96,1497.8504638671875
18.0,94.46,68.04,1497.8504638671875
18.1,94.57,68.12,1484.3096923828125
18.2,94.68,68.2,1484.3096923828125
18.3,94.79,68.28,1484.3096923828125
18.4,94.9,68.35,1484.3096923828125
18.5,95.0,68.43,1484.3096923828125
18.6,95.11,68.51,1491.9404296875
18.7,95.22,68.59,1491.9404296875
18.8,95.33,68.67,1491.9404296875
18.9,95.44,68.74,1491.9404296875
19.0,95.55,68.82,1494.7843017578125
19.1,95.65,68.9,1494.7843017578125
19.2,95.76,68.98,1494.7843017578125
19.3,95.87,69.06,1494.7843017578125
19.4,95.98,69.13,1494.7843017578125
19.5,96.09,69.21,1494.7843017578125
19.6,96.19,69.29,1494.7843017578125
19.7,96.3,69.37,1494.7843017578125
19.8,96.41,69.45,1494.7843017578125
19.9,96.52,69.52,1506.6727294921875
20.0,96.63,69.6,1506.6727294921875
20.1,96.73,69.68,1506.6727294921875
20.2,96.84,69.76,1506.6727294921875
20.3,96.95,69.84,1506.6727294921875
20.4,97.06,69.91,1506.6727294921875
20.5,97.17,69.99,1506.6727294921875
20.6,97.28,70.07,1506.6727294921875
20.7,97.38,70.15,1506.6727294921875
20.8,97.49,70.23,1506.6727294921875
20.9,97.6,70.3,1506.2916259765625
21.0,97.71,70.38,1506.2916259765625
21.1,97.82,70.46,1506.2916259765625
21.2,97.92,70.54,1517.6859130859375
21.3,98.03,70.62,1517.6859130859375
21.4,98.14,70.69,1517.6859130859375
21.5,98.25,70.77,1517.6859130859375
21.6,98.36,70.85,1517.6859130859375
21.7,98.46,70.93,1517.6859130859375
21.8,98.57,71.01,1512.55615234375
21.9,98.68,71.08,1512.55615234375
22.0,98.79,71.16,1512.55615234375
22.1,98.9,71.24,1512.55615234375
22.2,99.01,71.32,1512.55615234375
22.3,99.11,71.4,1512.55615234375
22.4,99.22,71.47,1512.55615234375
22.5,99.33,71.55,1522.79052734375
22.6,99.44,71.63,1522.79052734375
22.7,99.55,71.71,1522.79052734375
22.8,99.65,71.79,1522.79052734375
22.9,99.76,71.86,1522.79052734375
23.0,99.87,71.94,1522.79052734375
23.1,99.98,72.02,1522.79052734375
23.2,100.09,72.1,1522.79052734375
23.3,100.2,72.18,1522.79052734375
23.4,100.3,72.25,1522.79052734375
23.5,100.41,72.33,1522.79052734375
23.6,100.52,72.41,1522.1243896484375
23.7,100.63,72.49,1522.1243896484375
23.8,100.74,72.57,1534.6190185546875
23.9,100.84,72.64,1534.6190185546875
24.0,100.95,72.72,1534.6190185546875
24.1,101.06,72.8,1534.6190185546875
24.2,101.17,72.88,1534.6190185546875
24.3,101.28,72.96,1534.6190185546875
24.4,101.38,73.03,1534.6190185546875
24.5,101.49,73.11,1534.6190185546875
24.6,101.6,73.19,1530.16357421875
24.7,101.71,73.27,1530.16357421875
24.8,101.82,73.35,1530.16357421875
24.9,101.93,73.42,1530.16357421875
25.0,102.03,73.5,1539.521240234375
25.1,102.14,73.58,1539.521240234375
25.2,102.25,73.66,1539.521240234375
25.3,102.36,73.74,1539.521240234375
25.4,102.47,73.81,1539.521240234375
25.5,102.57,73.89,1539.521240234375
25.6,102.68,73.97,1539.521240234375
25.7,102.79,74.05,1539.521240234375
25.8,102.9,74.13,1539.521240234375
25.9,103.01,74.2,1539.521240234375
26.0,103.11,74.28,1539.521240234375
26.1,103.22,74.36,1539.521240234375
26.2,103.33,74.44,1539.521240234375
26.3,103.44,74.52,1547.807861328125
26.4,103.55,74.59,1542.319091796875
26.5,103.66,74.67,1542.319091796875
26.6,103.76,74.75,1542.319091796875
26.7,103.87,74.83,1542.319091796875
26.8,103.98,74.91,1542.319091796875
26.9,104.09,74.98,1542.319091796875
27.0,104.2,75.06,1542.319091796875
27.1,104.3,75.14,1542.319091796875
27.2,104.41,75.22,1542.319091796875
27.3,104.52,75.3,1536.3507080078125
27.4,104.63,75.37,1536.3507080078125
27.5,104.74,75.45,1536.3507080078125
27.6,104.84,75.53,1538.50244140625
27.7,104.95,75.61,1538.50244140625
27.8,105.06,75.69,1538.50244140625
27.9,105.17,75.76,1538.50244140625
28.0,105.28,75.84,1538.50244140625
28.1,105.39,75.92,1538.50244140625
28.2,105.49,76.0,1538.50244140625
28.3,105.6,76.08,1538.50244140625
28.4,105.71,76.15,1538.50244140625
28.5,105.82,76.23,1538.50244140625
28.6,105.93,76.31,1538.50244140625
28.7,106.03,76.39,1538.50244140625
28.8,106.14,76.47,1538.50244140625
28.9,106.25,76.54,1537.4278564453125
29.0,106.36,76.62,1537.4278564453125
29.1,106.47,76.7,1537.4278564453125
29.2,106.57,76.78,1526.9598388671875
29.3,106.68,76.86,1526.9598388671875
29.4,106.79,76.93,1526.9598388671875
29.5,106.9,77.01,1526.9598388671875
29.6,107.01,77.09,1526.9598388671875
29.7,107.12,77.17,1526.9598388671875
29.8,107.22,77.25,1526.9598388671875
29.9,107.33,77.32,1526.9598388671875
30.0,107.44,77.4,1526.9598388671875
30.1,107.55,77.48,1520.1470947265625
30.2,107.66,77.56,1514.8387451171875
30.3,107.76,77.64,1514.8387451171875
30.4,107.87,77.71,1514.8387451171875
30.5,107.98,77.79,1514.8387451171875
30.6,108.09,77.87,1514.8387451171875
30.7,108.2,77.95,1514.8387451171875
30.8,108.3,78.03,1514.8387451171875
30.9,108.41,78.1,1514.8387451171875
31.0,108.52,78.18,1514.8387451171875
31.1,108.63,78.26,1514.8387451171875
31.2,108.74,78.34,1514.8387451171875
31.3,108.85,78.42,1514.8387451171875
31.4,108.95,78.49,1514.8387451171875
31.5,109.06,78.57,1523.4951171875
31.6,109.17,78.65,1523.4951171875
31.7,109.28,78.73,1523.4951171875
31.8,109.39,78.81,1523.4951171875
31.9,109.49,78.88,1523.4951171875
32.0,109.6,78.96,1513.6617431640625
32.1,109.71,79.04,1513.6617431640625
32.2,109.82,79.12,1513.6617431640625
32.3,109.93,79.2,1513.6617431640625
32.4,110.04,79.27,1513.6617431640625
32.5,110.14,79.35,1513.6617431640625
32.6,110.25,79.43,1513.6617431640625
32.7,110.36,79.51,1517.63330078125
32.8,110.47,79.59,1517.63330078125
32.9,110.58,79.66,1511.4842529296875
33.0,110.68,79.74,1511.4842529296875
33.1,110.79,79.82,1511.4842529296875
33.2,110.9,79.9,1511.4842529296875
33.3,111.01,79.98,1511.4842529296875
33.4,111.12,80.05,1511.4842529296875
33.5,111.22,80.13,1511.4842529296875
33.6,111.33,80.21,1511.4842529296875
33.7,111.44,80.29,1511.4842529296875
33.8,111.55,80.37,1511.4842529296875
33.9,111.66,80.44,1511.4842529296875
34.0,111.77,80.52,1514.7625732421875
34.1,111.87,80.6,1514.7625732421875
34.2,111.98,80.68,1514.7625732421875
34.3,112.09,80.76,1514.7625732421875
34.4,112.2,80.83,1514.7625732421875
34.5,112.31,80.91,1514.7625732421875
34.6,112.41,80.99,1514.7625732421875
34.7,112.52,81.07,1506.4508056640625
34.8,112.63,81.15,1506.4508056640625
34.9,112.74,81.22,1506.4508056640625
35.0,112.85,81.3,1506.4508056640625
35.1,112.95,81.38,1506.4508056640625
35.2,113.06,81.46,1506.4508056640625
35.3,113.17,81.54,1500.8397216796875
35.4,113.28,81.61,1500.8397216796875
35.5,113.39,81.69,1500.8397216796875
35.6,113.5,81.77,1500.8397216796875
35.7,113.6,81.85,1491.7132568359375
35.8,113.71,81.93,1491.7132568359375
35.9,113.82,82.0,1491.7132568359375
36.0,113.93,82.08,1491.7132568359375
36.1,114.04,82.16,1491.7132568359375
36.2,114.14,82.24,1491.7132568359375
36.3,114.25,82.32,1491.7132568359375
36.4,114.36,82.39,1491.7132568359375
36.5,114.47,82.47,1491.7132568359375
36.6,114.58,82.55,1481.796875
36.7,114.68,82.63,1481.796875
36.8,114.79,82.71,1481.796875
36.9,114.9,82.78,1481.796875
37.0,115.01,82.86,1481.796875
37.1,115.12,82.94,1481.796875
37.2,115.23,83.02,1481.796875
37.3,115.33,83.1,1481.796875
37.4,115.44,83.17,1481.796875
37.5,115.55,83.25,1470.81396484375
37.6,115.66,83.33,1470.81396484375
37.7,115.77,83.41,1470.81396484375
37.8,115.87,83.49,1470.81396484375
37.9,115.98,83.56,1458.1966552734375
38.0,116.09,83.64,1458.1966552734375
38.1,116.2,83.72,1458.1966552734375
38.2,116.31,83.8,1458.1966552734375
38.3,116.41,83.88,1458.1966552734375
38.4,116.52,83.95,1449.614501953125
38.5,116.63,84.03,1449.614501953125
38.6,116.74,84.11,1449.614501953125
38.7,116.85,84.19,1449.614501953125
38.8,116.96,84.27,1449.614501953125
38.9,117.06,84.34,1449.614501953125
39.0,117.17,84.42,1449.614501953125
39.1,117.28,84.5,1445.2474365234375
39.2,117.39,84.58,1445.2474365234375
39.3,117.5,84.66,1445.2474365234375
39.4,117.6,84.73,1445.2474365234375
39.5,117.71,84.81,1445.2474365234375
39.6,117.82,84.89,1445.2474365234375
39.7,117.93,84.97,1445.2474365234375
39.8,118.04,85.05,1445.2474365234375
39.9,118.15,85.12,1445.2474365234375
40.0,118.25,85.2,1445.2474365234375
40.1,118.36,85.28,1445.2474365234375
40.2,118.47,85.36,1445.2474365234375
40.3,118.58,85.44,1436.6221923828125
40.4,118.69,85.51,1431.0684814453125
40.5,118.79,85.59,1431.0684814453125
40.6,118.9,85.67,1431.0684814453125
40.7,119.01,85.75,1431.0684814453125
40.8,119.12,85.83,1431.0684814453125
40.9,119.23,85.9,1431.0684814453125
41.0,119.33,85.98,1431.0684814453125
41.1,119.44,86.06,1431.0684814453125
41.2,119.55,86.14,1423.597412109375
41.3,119.66,86.22,1423.597412109375
41.4,119.77,86.29,1423.597412109375
41.5,119.88,86.37,1423.597412109375
41.6,119.98,86.45,1423.597412109375
41.7,120.09,86.53,1424.860595703125
41.8,120.2,86.61,1424.860595703125
41.9,120.31,86.68,1424.860595703125
42.0,120.42,86.76,1424.860595703125
42.1,120.52,86.84,1424.860595703125
42.2,120.63,86.92,1424.860595703125
42.3,120.74,87.0,1424.860595703125
42.4,120.85,87.07,1424.860595703125
42.5,120.96,87.15,1424.860595703125
42.6,121.06,87.23,1424.860595703125
42.7,121.17,87.31,1424.860595703125
42.8,121.28,87.39,1424.860595703125
42.9,121.39,87.46,1424.860595703125
43.0,121.5,87.54,1440.525634765625
43.1,121.61,87.62,1428.7406005859375
43.2,121.71,87.7,1428.7406005859375
43.3,121.82,87.78,1428.7406005859375
43.4,121.93,87.85,1428.7406005859375
43.5,122.04,87.93,1428.7406005859375
43.6,122.15,88.01,1428.7406005859375
43.7,122.25,88.09,1428.7406005859375
43.8,122.36,88.17,1428.7406005859375
43.9,122.47,88.24,1428.7406005859375
44.0,122.58,88.32,1418.4041748046875
44.1,122.69,88.4,1418.4041748046875
44.2,122.79,88.48,1418.4041748046875
44.3,122.9,88.56,1422.9884033203125
44.4,123.01,88.63,1422.9884033203125
44.5,123.12,88.71,1422.9884033203125
44.6,123.23,88.79,1422.9884033203125
44.7,123.34,88.87,1422.9884033203125
44.8,123.44,88.95,1422.9884033203125
44.9,123.55,89.02,1422.9884033203125
45.0,123.66,89.1,1422.9884033203125
45.1,123.77,89.18,1422.9884033203125
45.2,123.88,89.26,1422.9884033203125
45.3,123.98,89.34,1422.9884033203125
45.4,124.09,89.41,1422.9884033203125
45.5,124.2,89.49,1422.9884033203125
45.6,124.31,89.57,1422.48779296875
45.7,124.42,89.65,1422.48779296875
45.8,124.52,89.73,1411.8193359375
45.9,124.63,89.8,1411.8193359375
46.0,124.74,89.88,1411.8193359375
46.1,124.85,89.96,1411.8193359375
46.2,124.96,90.04,1411.8193359375
46.3,125.07,90.12,1411.8193359375
46.4,125.17,90.2,1411.8193359375
46.5,125.28,90.27,1411.8193359375
46.6,125.39,90.35,1411.8193359375
46.7,125.5,90.43,1411.8193359375
46.8,125.61,90.51,1410.636962890625
46.9,125.71,90.59,1410.636962890625
47.0,125.82,90.66,1410.636962890625
47.1,125.93,90.74,1410.636962890625
47.2,126.04,90.82,1410.636962890625
47.3,126.15,90.9,1410.636962890625
47.4,126.26,90.98,1410.636962890625
47.5,126.36,91.05,1410.636962890625
47.6,126.47,91.13,1410.636962890625
47.7,126.58,91.21,1410.636962890625
47.8,126.69,91.29,1410.636962890625
47.9,126.8,91.37,1410.636962890625
48.0,126.9,91.44,1410.636962890625
48.1,127.01,91.52,1416.7435302734375
48.2,127.12,91.6,1416.7435302734375
48.3,127.23,91.68,1416.7435302734375
48.4,127.34,91.76,1416.7435302734375
48.5,127.44,91.83,1416.7435302734375
48.6,127.55,91.91,1407.5692138671875
48.7,127.66,91.99,1407.5692138671875
48.8,127.77,92.07,1407.5692138671875
48.9,127.88,92.15,1407.5692138671875
49.0,127.99,92.22,1407.5692138671875
49.1,128.09,92.3,1407.5692138671875
49.2,128.2,92.38,1407.5692138671875
49.3,128.31,92.46,1407.5692138671875
49.4,128.42,92.54,1412.615966796875
49.5,128.53,92.61,1403.370361328125
49.6,128.63,92.69,1403.370361328125
49.7,128.74,92.77,1403.370361328125
49.8,128.85,92.85,1403.370361328125
49.9,128.96,92.93,1403.370361328125
50.0,129.07,93.0,1403.370361328125
50.1,129.17,93.08,1403.370361328125
50.2,129.28,93.16,1403.370361328125
50.3,129.39,93.24,1403.370361328125
50.4,129.5,93.32,1403.370361328125
50.5,129.61,93.39,1403.370361328125
50.6,129.72,93.47,1403.370361328125
50.7,129.82,93.55,1409.9444580078125
50.8,129.93,93.63,1409.9444580078125
50.9,130.04,93.71,1409.9444580078125
51.0,130.15,93.78,1409.9444580078125
51.1,130.26,93.86,1409.9444580078125
51.2,130.36,93.94,1409.9444580078125
51.3,130.47,94.02,1409.9444580078125
51.4,130.58,94.1,1405.3695068359375
51.5,130.69,94.17,1405.3695068359375
51.6,130.8,94.25,1405.3695068359375
51.7,130.9,94.33,1405.3695068359375
51.8,131.01,94.41,1405.3695068359375
51.9,131.12,94.49,1405.3695068359375
52.0,131.23,94.56,1412.6868896484375
52.1,131.34,94.64,1412.6868896484375
52.2,131.45,94.72,1412.6868896484375
52.3,131.55,94.8,1401.677001953125
52.4,131.66,94.88,1401.677001953125
52.5,131.77,94.95,1401.677001953125
52.6,131.88,95.03,1401.677001953125
52.7,131.99,95.11,1401.677001953125
52.8,132.09,95.19,1401.677001953125
52.9,132.2,95.27,1401.677001953125
53.0,132.31,95.34,1401.677001953125
53.1,132.42,95.42,1401.677001953125
53.2,132.53,95.5,1401.677001953125
53.3,132.63,95.58,1409.2337646484375
53.4,132.74,95.66,1409.2337646484375
53.5,132.85,95.73,1409.2337646484375
53.6,132.96,95.81,1409.2337646484375
53.7,133.07,95.89,1409.2337646484375
53.8,133.18,95.97,1409.2337646484375
53.9,133.28,96.05,1409.2337646484375
54.0,133.39,96.12,1409.2337646484375
54.1,133.5,96.2,1398.52685546875
54.2,133.61,96.28,1398.52685546875
54.3,133.72,96.36,1398.52685546875
54.4,133.82,96.44,1398.52685546875
54.5,133.93,96.51,1400.6993408203125
54.6,134.04,96.59,1400.6993408203125
54.7,134.15,96.67,1400.6993408203125
54.8,134.26,96.75,1400.6993408203125
54.9,134.37,96.83,1400.6993408203125
55.0,134.47,96.9,1400.6993408203125
55.1,134.58,96.98,1392.8720703125
55.2,134.69,97.06,1392.8720703125
55.3,134.8,97.14,1392.8720703125
55.4,134.91,97.22,1392.8720703125
55.5,135.01,97.29,1392.8720703125
55.6,135.12,97.37,1392.8720703125
55.7,135.23,97.45,1392.8720703125
55.8,135.34,97.53,1405.8875732421875
55.9,135.45,97.61,1405.8875732421875
56.0,135.55,97.68,1405.8875732421875
56.1,135.66,97.76,1405.8875732421875
56.2,135.77,97.84,1405.8875732421875
56.3,135.88,97.92,1405.8875732421875
56.4,135.99,98.0,1405.8875732421875
56.5,136.1,98.07,1405.8875732421875
56.6,136.2,98.15,1405.8875732421875
56.7,136.31,98.23,1405.8875732421875
56.8,136.42,98.31,1405.8875732421875
56.9,136.53,98.39,1395.3936767578125
57.0,136.64,98.46,1395.3936767578125
57.1,136.74,98.54,1410.0509033203125
57.2,136.85,98.62,1410.0509033203125
57.3,136.96,98.7,1410.0509033203125
57.4,137.07,98.78,1410.0509033203125
57.5,137.18,98.85,1410.0509033203125
57.6,137.28,98.93,1410.0509033203125
57.7,137.39,99.01,1410.0509033203125
57.8,137.5,99.09,1400.7427978515625
57.9,137.61,99.17,1400.7427978515625
58.0,137.72,99.24,1400.7427978515625
58.1,137.83,99.32,1400.7427978515625
58.2,137.93,99.4,1400.7427978515625
58.3,138.04,99.48,1400.7427978515625
58.4,138.15,99.56,1409.314453125
58.5,138.26,99.63,1409.314453125
58.6,138.37,99.71,1409.314453125
58.7,138.47,99.79,1409.314453125
58.8,138.58,99.87,1409.314453125
58.9,138.69,99.95,1409.314453125
59.0,138.8,100.02,1409.314453125
59.1,138.91,100.1,1409.314453125
59.2,139.01,100.18,1409.314453125
59.3,139.12,100.26,1409.314453125
59.4,139.23,100.34,1409.314453125
59.5,139.34,100.41,1409.314453125
59.6,139.45,100.49,1409.314453125
59.7,139.56,100.57,1414.4110107421875
59.8,139.66,100.65,1414.4110107421875
59.9,139.77,100.73,1414.4110107421875
60.0,139.88,100.8,1414.4110107421875
60.1,139.99,100.88,1414.4110107421875
60.2,140.1,100.96,1414.4110107421875
60.3,140.2,101.04,1414.4110107421875
60.4,140.31,101.12,1414.4110107421875
60.5,140.42,101.19,1414.4110107421875
60.6,140.53,101.27,1404.0833740234375
60.7,140.64,101.35,1404.0833740234375
60.8,140.74,101.43,1404.0833740234375
60.9,140.85,101.51,1420.16357421875
61.0,140.96,101.58,1420.16357421875
61.1,141.07,101.66,1420.16357421875
61.2,141.18,101.74,1420.16357421875
61.3,141.29,101.82,1420.16357421875
61.4,141.39,101.9,1420.16357421875
61.5,141.5,101.97,1420.16357421875
61.6,141.61,102.05,1420.16357421875
61.7,141.72,102.13,1420.16357421875
61.8,141.83,102.21,1420.16357421875
61.9,141.93,102.29,1420.16357421875
62.0,142.04,102.36,1420.16357421875
62.1,142.15,102.44,1420.16357421875
62.2,142.26,102.52,1429.590576171875
62.3,142.37,102.6,1429.590576171875
62.4,142.48,102.68,1429.590576171875
62.5,142.58,102.75,1414.76123046875
62.6,142.69,102.83,1414.76123046875
62.7,142.8,102.91,1414.76123046875
62.8,142.91,102.99,1414.76123046875
62.9,143.02,103.07,1414.76123046875
63.0,143.12,103.14,1414.76123046875
63.1,143.23,103.22,1414.76123046875
63.2,143.34,103.3,1414.76123046875
63.3,143.45,103.38,1414.76123046875
63.4,143.56,103.46,1400.2374267578125
63.5,143.66,103.53,1408.967529296875
63.6,143.77,103.61,1408.967529296875
63.7,143.88,103.69,1408.967529296875
63.8,143.99,103.77,1408.967529296875
63.9,144.1,103.85,1408.967529296875
64.0,144.21,103.92,1408.967529296875
64.1,144.31,104.0,1408.967529296875
64.2,144.42,104.08,1408.967529296875
64.3,144.53,104.16,1408.967529296875
64.4,144.64,104.24,1408.967529296875
64.5,144.75,104.31,1408.967529296875
64.6,144.85,104.39,1408.967529296875
64.7,144.96,104.47,1408.967529296875
64.8,145.07,104.55,1411.1893310546875
64.9,145.18,104.63,1411.1893310546875
65.0,145.29,104.7,1411.1893310546875
65.1,145.39,104.78,1411.1893310546875
65.2,145.5,104.86,1397.21337890625
65.3,145.61,104.94,1397.21337890625
65.4,145.72,105.02,1397.21337890625
65.5,145.83,105.09,1397.21337890625
65.6,145.94,105.17,1397.21337890625
65.7,146.04,105.25,1397.21337890625
65.8,146.15,105.33,1397.21337890625
65.9,146.26,105.41,1397.21337890625
66.0,146.37,105.48,1397.21337890625
66.1,146.48,105.56,1394.9595947265625
66.2,146.58,105.64,1378.2269287109375
66.3,146.69,105.72,1378.2269287109375
66.4,146.8,105.8,1378.2269287109375
66.5,146.91,105.87,1378.2269287109375
66.6,147.02,105.95,1378.2269287109375
66.7,147.12,106.03,1378.2269287109375
66.8,147.23,106.11,1378.2269287109375
66.9,147.34,106.19,1378.2269287109375
67.0,147.45,106.26,1378.2269287109375
67.1,147.56,106.34,1378.2269287109375
67.2,147.67,106.42,1378.2269287109375
67.3,147.77,106.5,1378.2269287109375
67.4,147.88,106.58,1382.7618408203125
67.5,147.99,106.65,1382.7618408203125
67.6,148.1,106.73,1382.7618408203125
67.7,148.21,106.81,1382.7618408203125
67.8,148.31,106.89,1382.7618408203125
67.9,148.42,106.97,1382.7618408203125
68.0,148.53,107.04,1368.4788818359375
68.1,148.64,107.12,1368.4788818359375
68.2,148.75,107.2,1368.4788818359375
68.3,148.85,107.28,1368.4788818359375
68.4,148.96,107.36,1368.4788818359375
68.5,149.07,107.43,1368.4788818359375
68.6,149.18,107.51,1376.4720458984375
68.7,149.29,107.59,1376.4720458984375
68.8,149.4,107.67,1376.4720458984375
68.9,149.5,107.75,1359.1409912109375
69.0,149.61,107.82,1359.1409912109375
69.1,149.72,107.9,1359.1409912109375
69.2,149.83,107.98,1359.1409912109375
69.3,149.94,108.06,1359.1409912109375
69.4,150.04,108.14,1359.1409912109375
69.5,150.15,108.21,1359.1409912109375
69.6,150.26,108.29,1359.1409912109375
69.7,150.37,108.37,1359.1409912109375
69.8,150.48,108.45,1359.1409912109375
69.9,150.59,108.53,1364.067626953125
70.0,150.69,108.6,1364.067626953125
70.1,150.8,108.68,1364.067626953125
70.2,150.91,108.76,1364.067626953125
70.3,151.02,108.84,1364.067626953125
70.4,151.13,108.92,1364.067626953125
70.5,151.23,108.99,1364.067626953125
70.6,151.34,109.07,1364.067626953125
70.7,151.45,109.15,1364.067626953125
70.8,151.56,109.23,1349.809326171875
70.9,151.67,109.31,1349.809326171875
71.0,151.77,109.38,1349.809326171875
71.1,151.88,109.46,1349.809326171875
71.2,151.99,109.54,1342.6475830078125
71.3,152.1,109.62,1342.6475830078125
71.4,152.21,109.7,1342.6475830078125
71.5,152.32,109.77,1342.6475830078125
71.6,152.42,109.85,1342.6475830078125
71.7,152.53,109.93,1326.65576171875
71.8,152.64,110.01,1326.65576171875
71.9,152.75,110.09,1326.65576171875
72.0,152.86,110.16,1326.65576171875
72.1,152.96,110.24,1326.65576171875
72.2,153.07,110.32,1326.65576171875
72.3,153.18,110.4,1326.65576171875
72.4,153.29,110.48,1326.65576171875
72.5,153.4,110.55,1313.784423828125
72.6,153.5,110.63,1313.784423828125
72.7,153.61,110.71,1313.784423828125
72.8,153.72,110.79,1313.784423828125
72.9,153.83,110.87,1313.784423828125
73.0,153.94,110.94,1313.784423828125
73.1,154.05,111.02,1313.784423828125
73.2,154.15,111.1,1313.784423828125
73.3,154.26,111.18,1313.784423828125
73.4,154.37,111.26,1313.784423828125
73.5,154.48,111.33,1313.784423828125
73.6,154.59,111.41,1303.3590087890625
73.7,154.69,111.49,1303.3590087890625
73.8,154.8,111.57,1310.03662109375
73.9,154.91,111.65,1310.03662109375
74.0,155.02,111.72,1310.03662109375
74.1,155.13,111.8,1310.03662109375
74.2,155.23,111.88,1310.03662109375
74.3,155.34,111.96,1310.03662109375
74.4,155.45,112.04,1310.03662109375
74.5,155.56,112.11,1302.8046875
74.6,155.67,112.19,1302.8046875
74.7,155.78,112.27,1302.8046875
74.8,155.88,112.35,1302.8046875
74.9,155.99,112.43,1302.8046875
75.0,156.1,112.5,1314.9830322265625
75.1,156.21,112.58,1314.9830322265625
75.2,156.32,112.66,1314.9830322265625
75.3,156.42,112.74,1314.9830322265625
75.4,156.53,112.82,1314.9830322265625
75.5,156.64,112.89,1314.9830322265625
75.6,156.75,112.97,1314.9830322265625
75.7,156.86,113.05,1314.9830322265625
75.8,156.96,113.13,1314.9830322265625
75.9,157.07,113.21,1314.9830322265625
76.0,157.18,113.28,1314.9830322265625
76.1,157.29,113.36,1314.9830322265625
76.2,157.4,113.44,1314.9830322265625
76.3,157.51,113.52,1308.9443359375
76.4,157.61,113.6,1308.9443359375
76.5,157.72,113.67,1308.9443359375
76.6,157.83,113.75,1308.9443359375
76.7,157.94,113.83,1308.9443359375
76.8,158.05,113.91,1308.9443359375
76.9,158.15,113.99,1308.9443359375
77.0,158.26,114.06,1308.9443359375
77.1,158.37,114.14,1308.9443359375
77.2,158.48,114.22,1308.9443359375
77.3,158.59,114.3,1290.64990234375
77.4,158.7,114.38,1290.64990234375
77.5,158.8,114.46,1290.64990234375
77.6,158.91,114.53,1291.7041015625
77.7,159.02,114.61,1291.7041015625
77.8,159.13,114.69,1291.7041015625
77.9,159.24,114.77,1291.7041015625
78.0,159.34,114.85,1291.7041015625
78.1,159.45,114.92,1291.7041015625
78.2,159.56,115.0,1291.7041015625
78.3,159.67,115.08,1291.7041015625
78.4,159.78,115.16,1291.7041015625
78.5,159.88,115.24,1291.7041015625
78.6,159.99,115.31,1291.7041015625
78.7,160.1,115.39,1291.7041015625
78.8,160.21,115.47,1291.7041015625
78.9,160.32,115.55,1295.13671875
79.0,160.43,115.63,1295.13671875
79.1,160.53,115.7,1282.650390625
79.2,160.64,115.78,1282.650390625
79.3,160.75,115.86,1282.650390625
79.4,160.86,115.94,1282.650390625
79.5,160.97,116.02,1282.650390625
79.6,161.07,116.09,1282.650390625
79.7,161.18,116.17,1282.650390625
79.8,161.29,116.25,1282.650390625
79.9,161.4,116.33,1282.650390625
80.0,161.51,116.41,1268.5343017578125
80.1,161.61,116.48,1268.5343017578125
80.2,161.72,116.56,1264.2073974609375
80.3,161.83,116.64,1264.2073974609375
80.4,161.94,116.72,1264.2073974609375
80.5,162.05,116.8,1264.2073974609375
80.6,162.16,116.87,1264.2073974609375
80.7,162.26,116.95,1264.2073974609375
80.8,162.37,117.03,1264.2073974609375
80.9,162.48,117.11,1264.2073974609375
81.0,162.59,117.19,1264.2073974609375
81.1,162.7,117.26,1264.2073974609375
81.2,162.8,117.34,1264.2073974609375
81.3,162.91,117.42,1264.2073974609375
81.4,163.02,117.5,1264.2073974609375
81.5,163.13,117.58,1271.6453857421875
81.6,163.24,117.65,1271.6453857421875
81.7,163.34,117.73,1271.6453857421875
81.8,163.45,117.81,1271.6453857421875
81.9,163.56,117.89,1260.0771484375
82.0,163.67,117.97,1260.0771484375
82.1,163.78,118.04,1260.0771484375
82.2,163.89,118.12,1260.0771484375
82.3,163.99,118.2,1260.0771484375
82.4,164.1,118.28,1260.0771484375
82.5,164.21,118.36,1260.0771484375
82.6,164.32,118.43,1260.0771484375
82.7,164.43,118.51,1264.59912109375
82.8,164.53,118.59,1248.55078125
82.9,164.64,118.67,1248.55078125
83.0,164.75,118.75,1248.55078125
83.1,164.86,118.82,1248.55078125
83.2,164.97,118.9,1248.55078125
83.3,165.07,118.98,1248.55078125
83.4,165.18,119.06,1248.55078125
83.5,165.29,119.14,1248.55078125
83.6,165.4,119.21,1248.55078125
83.7,165.51,119.29,1248.55078125
83.8,165.62,119.37,1248.55078125
83.9,165.72,119.45,1248.55078125
84.0,165.83,119.53,1254.0560302734375
84.1,165.94,119.6,1254.0560302734375
84.2,166.05,119.68,1254.0560302734375
84.3,166.16,119.76,1254.0560302734375
84.4,166.26,119.84,1254.0560302734375
84.5,166.37,119.92,1254.0560302734375
84.6,166.48,119.99,1254.0560302734375
84.7,166.59,120.07,1240.071044921875
84.8,166.7,120.15,1240.071044921875
84.9,166.81,120.23,1240.071044921875
85.0,166.91,120.31,1240.071044921875
85.1,167.02,120.38,1240.071044921875
85.2,167.13,120.46,1240.071044921875
85.3,167.24,120.54,1239.2462158203125
85.4,167.35,120.62,1239.2462158203125
85.5,167.45,120.7,1239.2462158203125
85.6,167.56,120.77,1237.32275390625
85.7,167.67,120.85,1237.32275390625
85.8,167.78,120.93,1237.32275390625
85.9,167.89,121.01,1237.32275390625
86.0,167.99,121.09,1237.32275390625
86.1,168.1,121.16,1237.32275390625
86.2,168.21,121.24,1237.32275390625
86.3,168.32,121.32,1237.32275390625
86.4,168.43,121.4,1237.32275390625
86.5,168.54,121.48,1237.32275390625
86.6,168.64,121.55,1236.5166015625
86.7,168.75,121.63,1236.5166015625
86.8,168.86,121.71,1236.5166015625
86.9,168.97,121.79,1236.5166015625
87.0,169.08,121.87,1236.5166015625
87.1,169.18,121.94,1236.5166015625
87.2,169.29,122.02,1236.5166015625
87.3,169.4,122.1,1236.5166015625
87.4,169.51,122.18,1237.1500244140625
87.5,169.62,122.26,1237.1500244140625
87.6,169.72,122.33,1237.1500244140625
87.7,169.83,122.41,1237.1500244140625
87.8,169.94,122.49,1237.1500244140625
87.9,170.05,122.57,1236.294921875
88.0,170.16,122.65,1236.294921875
88.1,170.27,122.72,1236.294921875
88.2,170.37,122.8,1236.294921875
88.3,170.48,122.88,1236.294921875
88.4,170.59,122.96,1237.244873046875
88.5,170.7,123.04,1237.244873046875
88.6,170.81,123.11,1237.244873046875
88.7,170.91,123.19,1237.244873046875
88.8,171.02,123.27,1237.244873046875
88.9,171.13,123.35,1237.244873046875
89.0,171.24,123.43,1237.244873046875
89.1,171.35,123.5,1237.359619140625
89.2,171.45,123.58,1237.359619140625
89.3,171.56,123.66,1237.359619140625
89.4,171.67,123.74,1237.359619140625
89.5,171.78,123.82,1237.359619140625
89.6,171.89,123.89,1237.359619140625
89.7,172.0,123.97,1237.359619140625
89.8,172.1,124.05,1237.359619140625
89.9,172.21,124.13,1237.359619140625
90.0,172.32,124.21,1237.359619140625
90.1,172.43,124.28,1237.359619140625
90.2,172.54,124.36,1252.705810546875
90.3,172.64,124.44,1252.705810546875
90.4,172.75,124.52,1246.998291015625
90.5,172.86,124.6,1246.998291015625
90.6,172.97,124.67,1246.998291015625
90.7,173.08,124.75,1246.998291015625
90.8,173.18,124.83,1246.998291015625
90.9,173.29,124.91,1246.998291015625
91.0,173.4,124.99,1246.998291015625
91.1,173.51,125.06,1269.32861328125
91.2,173.62,125.14,1269.32861328125
91.3,173.73,125.22,1269.32861328125
91.4,173.83,125.3,1269.32861328125
91.5,173.94,125.38,1269.32861328125
91.6,174.05,125.45,1269.32861328125
91.7,174.16,125.53,1269.01806640625
91.8,174.27,125.61,1269.01806640625
91.9,174.37,125.69,1269.01806640625
92.0,174.48,125.77,1269.01806640625
92.1,174.59,125.84,1269.01806640625
92.2,174.7,125.92,1269.01806640625
92.3,174.81,126.0,1269.01806640625
92.4,174.91,126.08,1269.01806640625
92.5,175.02,126.16,1269.01806640625
92.6,175.13,126.23,1269.01806640625
92.7,175.24,126.31,1269.01806640625
92.8,175.35,126.39,1269.01806640625
92.9,175.46,126.47,1269.01806640625
93.0,175.56,126.55,1291.9002685546875
93.1,175.67,126.62,1291.9002685546875
93.2,175.78,126.7,1291.9002685546875
93.3,175.89,126.78,1291.9002685546875
93.4,176.0,126.86,1291.9002685546875
93.5,176.1,126.94,1291.9002685546875
93.6,176.21,127.01,1291.9002685546875
93.7,176.32,127.09,1291.9002685546875
93.8,176.43,127.17,1291.9002685546875
93.9,176.54,127.25,1304.26953125
94.0,176.65,127.33,1304.26953125
94.1,176.75,127.4,1304.26953125
94.2,176.86,127.48,1304.26953125
94.3,176.97,127.56,1297.0386962890625
94.4,177.08,127.64,1297.0386962890625
94.5,177.19,127.72,1297.0386962890625
94.6,177.29,127.79,1297.0386962890625
94.7,177.4,127.87,1297.0386962890625
94.8,177.51,127.95,1297.0386962890625
94.9,177.62,128.03,1297.0386962890625
95.0,177.73,128.11,1297.0386962890625
95.1,177.83,128.18,1297.0386962890625
95.2,177.94,128.26,1297.0386962890625
95.3,178.05,128.34,1297.0386962890625
95.4,178.16,128.42,1297.0386962890625
95.5,178.27,128.5,1297.0386962890625
95.6,178.38,128.57,1292.31103515625
95.7,178.48,128.65,1292.31103515625
95.8,178.59,128.73,1298.371337890625
95.9,178.7,128.81,1298.371337890625
96.0,178.81,128.89,1298.371337890625
96.1,178.92,128.96,1298.371337890625
96.2,179.02,129.04,1298.371337890625
96.3,179.13,129.12,1298.371337890625
96.4,179.24,129.2,1298.371337890625
96.5,179.35,129.28,1298.371337890625
96.6,179.46,129.35,1298.371337890625
96.7,179.56,129.43,1304.6116943359375
96.8,179.67,129.51,1285.3092041015625
96.9,179.78,129.59,1285.3092041015625
97.0,179.89,129.67,1285.3092041015625
97.1,180.0,129.74,1285.3092041015625
97.2,180.11,129.82,1285.3092041015625
97.3,180.21,129.9,1285.3092041015625
97.4,180.32,129.98,1285.3092041015625
97.5,180.43,130.06,1285.3092041015625
97.6,180.54,130.13,1285.3092041015625
97.7,180.65,130.21,1285.3092041015625
97.8,180.75,130.29,1285.3092041015625
97.9,180.86,130.37,1285.3092041015625
98.0,180.97,130.45,1285.3092041015625
98.1,181.08,130.52,1275.329833984375
98.2,181.19,130.6,1275.329833984375
98.3,181.29,130.68,1275.329833984375
98.4,181.4,130.76,1275.329833984375
98.5,181.51,130.84,1272.973876953125
98.6,181.62,130.91,1272.973876953125
98.7,181.73,130.99,1272.973876953125
98.8,181.84,131.07,1272.973876953125
98.9,181.94,131.15,1272.973876953125
99.0,182.05,131.23,1272.973876953125
99.1,182.16,131.3,1272.973876953125
99.2,182.27,131.38,1272.973876953125
99.3,182.38,131.46,1272.973876953125
99.4,182.48,131.54,1254.662109375
99.5,182.59,131.62,1256.7657470703125
99.6,182.7,131.69,1256.7657470703125
99.7,182.81,131.77,1256.7657470703125
99.8,182.92,131.85,1256.7657470703125
99.9,183.02,131.93,1256.7657470703125
100.0,183.13,132.01,1256.7657470703125
100.1,183.24,132.08,1256.7657470703125
100.2,183.35,132.16,1256.7657470703125
100.3,183.46,132.24,1256.7657470703125
100.4,183.57,132.32,1256.7657470703125
100.5,183.67,132.4,1256.7657470703125
100.6,183.78,132.47,1256.7657470703125
100.7,183.89,132.55,1252.8148193359375
100.8,184.0,132.63,1252.8148193359375
100.9,184.11,132.71,1252.8148193359375
101.0,184.21,132.79,1252.8148193359375
101.1,184.32,132.86,1252.8148193359375
101.2,184.43,132.94,1252.8148193359375
101.3,184.54,133.02,1255.3099365234375
101.4,184.65,133.1,1255.3099365234375
101.5,184.76,133.18,1255.3099365234375
101.6,184.86,133.25,1255.3099365234375
101.7,184.97,133.33,1255.3099365234375
101.8,185.08,133.41,1255.3099365234375
101.9,185.19,133.49,1255.3099365234375
102.0,185.3,133.57,1258.6619873046875
102.1,185.4,133.64,1258.6619873046875
102.2,185.51,133.72,1264.8509521484375
102.3,185.62,133.8,1264.8509521484375
102.4,185.73,133.88,1264.8509521484375
102.5,185.84,133.96,1264.8509521484375
102.6,185.94,134.03,1264.8509521484375
102.7,186.05,134.11,1264.8509521484375
102.8,186.16,134.19,1264.8509521484375
102.9,186.27,134.27,1264.8509521484375
103.0,186.38,134.35,1264.8509521484375
103.1,186.49,134.42,1264.8509521484375
103.2,186.59,134.5,1281.7647705078125
103.3,186.7,134.58,1281.7647705078125
103.4,186.81,134.66,1281.7647705078125
103.5,186.92,134.74,1281.7647705078125
103.6,187.03,134.81,1281.7647705078125
103.7,187.13,134.89,1281.7647705078125
103.8,187.24,134.97,1281.7647705078125
103.9,187.35,135.05,1281.7647705078125
104.0,187.46,135.13,1281.7647705078125
104.1,187.57,135.2,1287.562744140625
104.2,187.67,135.28,1287.562744140625
104.3,187.78,135.36,1287.562744140625
104.4,187.89,135.44,1287.562744140625
104.5,188.0,135.52,1300.44873046875
104.6,188.11,135.59,1300.44873046875
104.7,188.22,135.67,1300.44873046875
104.8,188.32,135.75,1300.44873046875
104.9,188.43,135.83,1300.44873046875
105.0,188.54,135.91,1304.70263671875
105.1,188.65,135.98,1304.70263671875
105.2,188.76,136.06,1304.70263671875
105.3,188.86,136.14,1304.70263671875
105.4,188.97,136.22,1304.70263671875
105.5,189.08,136.3,1304.70263671875
105.6,189.19,136.37,1304.70263671875
105.7,189.3,136.45,1304.70263671875
105.8,189.4,136.53,1312.7255859375
105.9,189.51,136.61,1312.7255859375
106.0,189.62,136.69,1312.7255859375
106.1,189.73,136.76,1312.7255859375
106.2,189.84,136.84,1312.7255859375
106.3,189.95,136.92,1312.7255859375
106.4,190.05,137.0,1312.7255859375
106.5,190.16,137.08,1312.7255859375
106.6,190.27,137.15,1312.7255859375
106.7,190.38,137.23,1312.7255859375
106.8,190.49,137.31,1312.7255859375
106.9,190.59,137.39,1317.750732421875
107.0,190.7,137.47,1317.750732421875
107.1,190.81,137.54,1325.30615234375
107.2,190.92,137.62,1325.30615234375
107.3,191.03,137.7,1325.30615234375
107.4,191.13,137.78,1325.30615234375
107.5,191.24,137.86,1325.30615234375
107.6,191.35,137.93,1325.30615234375
107.7,191.46,138.01,1325.30615234375
107.8,191.57,138.09,1331.3695068359375
107.9,191.68,138.17,1331.3695068359375
108.0,191.78,138.25,1331.3695068359375
108.1,191.89,138.32,1331.3695068359375
108.2,192.0,138.4,1331.3695068359375
108.3,192.11,138.48,1331.3695068359375
108.4,192.22,138.56,1339.022705078125
108.5,192.32,138.64,1339.022705078125
108.6,192.43,138.72,1339.022705078125
108.7,192.54,138.79,1339.022705078125
108.8,192.65,138.87,1339.022705078125
108.9,192.76,138.95,1339.022705078125
109.0,192.87,139.03,1339.022705078125
109.1,192.97,139.11,1339.022705078125
109.2,193.08,139.18,1339.022705078125
109.3,193.19,139.26,1339.022705078125
109.4,193.3,139.34,1339.022705078125
109.5,193.41,139.42,1339.022705078125
109.6,193.51,139.5,1347.729248046875
109.7,193.62,139.57,1355.1068115234375
109.8,193.73,139.65,1355.1068115234375
109.9,193.84,139.73,1355.1068115234375
110.0,193.95,139.81,1355.1068115234375
110.1,194.05,139.89,1355.1068115234375
110.2,194.16,139.96,1355.1068115234375
110.3,194.27,140.04,1355.1068115234375
110.4,194.38,140.12,1355.1068115234375
110.5,194.49,140.2,1355.1068115234375
110.6,194.6,140.28,1362.5645751953125
110.7,194.7,140.35,1362.5645751953125
110.8,194.81,140.43,1362.5645751953125
110.9,194.92,140.51,1368.1939697265625
111.0,195.03,140.59,1368.1939697265625
111.1,195.14,140.67,1368.1939697265625
111.2,195.24,140.74,1368.1939697265625
111.3,195.35,140.82,1368.1939697265625
111.4,195.46,140.9,1368.1939697265625
111.5,195.57,140.98,1368.1939697265625
111.6,195.68,141.06,1368.1939697265625
111.7,195.78,141.13,1368.1939697265625
111.8,195.89,141.21,1368.1939697265625
111.9,196.0,141.29,1368.1939697265625
112.0,196.11,141.37,1368.1939697265625
112.1,196.22,141.45,1368.1939697265625
112.2,196.33,141.52,1379.4234619140625
112.3,196.43,141.6,1379.4234619140625
112.4,196.54,141.68,1386.3548583984375
112.5,196.65,141.76,1386.3548583984375
112.6,196.76,141.84,1386.3548583984375
112.7,196.87,141.91,1386.3548583984375
112.8,196.97,141.99,1386.3548583984375
112.9,197.08,142.07,1386.3548583984375
113.0,197.19,142.15,1386.3548583984375
113.1,197.3,142.23,1386.3548583984375
113.2,197.41,142.3,1386.3548583984375
113.3,197.51,142.38,1393.4010009765625
113.4,197.62,142.46,1393.4010009765625
113.5,197.73,142.54,1406.6376953125
113.6,197.84,142.62,1406.6376953125
113.7,197.95,142.69,1406.6376953125
113.8,198.06,142.77,1406.6376953125
113.9,198.16,142.85,1406.6376953125
114.0,198.27,142.93,1406.6376953125
114.1,198.38,143.01,1406.6376953125
114.2,198.49,143.08,1406.6376953125
114.3,198.6,143.16,1406.6376953125
114.4,198.7,143.24,1406.6376953125
114.5,198.81,143.32,1406.6376953125
114.6,198.92,143.4,1406.6376953125
114.7,199.03,143.47,1406.6376953125
114.8,199.14,143.55,1417.94580078125
114.9,199.24,143.63,1417.94580078125
115.0,199.35,143.71,1417.94580078125
115.1,199.46,143.79,1417.94580078125
115.2,199.57,143.86,1421.0550537109375
115.3,199.68,143.94,1421.0550537109375
115.4,199.79,144.02,1421.0550537109375
115.5,199.89,144.1,1421.0550537109375
115.6,200.0,144.18,1421.0550537109375
115.7,200.11,144.25,1421.0550537109375
115.8,200.22,144.33,1421.0550537109375
115.9,200.33,144.41,1421.0550537109375
116.0,200.43,144.49,1421.0550537109375
116.1,200.54,144.57,1441.909423828125
116.2,200.65,144.64,1441.909423828125
116.3,200.76,144.72,1441.909423828125
116.4,200.87,144.8,1441.909423828125
116.5,200.98,144.88,1441.909423828125
116.6,201.08,144.96,1441.909423828125
116.7,201.19,145.03,1441.909423828125
116.8,201.3,145.11,1441.909423828125
116.9,201.41,145.19,1441.909423828125
117.0,201.52,145.27,1441.909423828125
117.1,201.62,145.35,1441.909423828125
117.2,201.73,145.42,1441.909423828125
117.3,201.84,145.5,1449.4219970703125
117.4,201.95,145.58,1449.4219970703125
117.5,202.06,145.66,1449.4219970703125
117.6,202.16,145.74,1449.4219970703125
117.7,202.27,145.81,1449.4219970703125
117.8,202.38,145.89,1449.4219970703125
117.9,202.49,145.97,1449.4219970703125
118.0,202.6,146.05,1454.675537109375
118.1,202.71,146.13,1454.675537109375
118.2,202.81,146.2,1454.675537109375
118.3,202.92,146.28,1454.675537109375
118.4,203.03,146.36,1454.675537109375
118.5,203.14,146.44,1454.675537109375
118.6,203.25,146.52,1464.8807373046875
118.7,203.35,146.59,1464.8807373046875
118.8,203.46,146.67,1464.8807373046875
118.9,203.57,146.75,1471.903564453125
119.0,203.68,146.83,1471.903564453125
119.1,203.79,146.91,1471.903564453125
119.2,203.89,146.98,1471.903564453125
119.3,204.0,147.06,1471.903564453125
119.4,204.11,147.14,1471.903564453125
119.5,204.22,147.22,1471.903564453125
119.6,204.33,147.3,1471.903564453125
119.7,204.44,147.37,1471.903564453125
119.8,204.54,147.45,1471.903564453125
119.9,204.65,147.53,1484.93701171875
120.0,204.76,147.61,1484.93701171875
120.1,204.87,147.69,1484.93701171875
120.2,204.98,147.76,1484.93701171875
120.3,205.08,147.84,1484.93701171875
120.4,205.19,147.92,1484.93701171875
120.5,205.3,148.0,1484.93701171875
120.6,205.41,148.08,1484.93701171875
120.7,205.52,148.15,1489.9310302734375
120.8,205.62,148.23,1489.9310302734375
120.9,205.73,148.31,1489.9310302734375
121.0,205.84,148.39,1489.9310302734375
121.1,205.95,148.47,1489.9310302734375
121.2,206.06,148.54,1497.531005859375
121.3,206.17,148.62,1497.531005859375
121.4,206.27,148.7,1497.531005859375
121.5,206.38,148.78,1497.531005859375
121.6,206.49,148.86,1497.531005859375
121.7,206.6,148.93,1502.908203125
121.8,206.71,149.01,1502.908203125
121.9,206.81,149.09,1502.908203125
122.0,206.92,149.17,1502.908203125
122.1,207.03,149.25,1502.908203125
122.2,207.14,149.32,1502.908203125
122.3,207.25,149.4,1502.908203125
122.4,207.35,149.48,1502.908203125
122.5,207.46,149.56,1512.1314697265625
122.6,207.57,149.64,1512.1314697265625
122.7,207.68,149.71,1512.1314697265625
122.8,207.79,149.79,1512.1314697265625
122.9,207.9,149.87,1512.1314697265625
123.0,208.0,149.95,1512.1314697265625
123.1,208.11,150.03,1512.1314697265625
123.2,208.22,150.1,1512.1314697265625
123.3,208.33,150.18,1512.1314697265625
123.4,208.44,150.26,1512.1314697265625
123.5,208.54,150.34,1518.76513671875
123.6,208.65,150.42,1518.76513671875
123.7,208.76,150.49,1518.76513671875
123.8,208.87,150.57,1532.204345703125
123.9,208.98,150.65,1532.204345703125
124.0,209.09,150.73,1532.204345703125
124.1,209.19,150.81,1532.204345703125
124.2,209.3,150.88,1532.204345703125
124.3,209.41,150.96,1532.204345703125
124.4,209.52,151.04,1538.6221923828125
124.5,209.63,151.12,1538.6221923828125
124.6,209.73,151.2,1538.6221923828125
124.7,209.84,151.27,1538.6221923828125
124.8,209.95,151.35,1538.6221923828125
124.9,210.06,151.43,1538.6221923828125
125.0,210.17,151.51,1547.9970703125
125.1,210.27,151.59,1547.9970703125
125.2,210.38,151.66,1547.9970703125
125.3,210.49,151.74,1547.9970703125
125.4,210.6,151.82,1547.9970703125
125.5,210.71,151.9,1547.9970703125
125.6,210.82,151.98,1547.9970703125
125.7,210.92,152.05,1547.9970703125
125.8,211.03,152.13,1547.9970703125
125.9,211.14,152.21,1547.9970703125
126.0,211.25,152.29,1547.9970703125
126.1,211.36,152.37,1547.9970703125
126.2,211.46,152.44,1547.9970703125
126.3,211.57,152.52,1564.34814453125
126.4,211.68,152.6,1564.34814453125
126.5,211.79,152.68,1564.34814453125
126.6,211.9,152.76,1564.34814453125
126.7,212.0,152.83,1564.34814453125
126.8,212.11,152.91,1564.34814453125
126.9,212.22,152.99,1564.34814453125
127.0,212.33,153.07,1564.34814453125
127.1,212.44,153.15,1564.34814453125
127.2,212.55,153.22,1569.681640625
127.3,212.65,153.3,1569.681640625
127.4,212.76,153.38,1569.681640625
127.5,212.87,153.46,1569.681640625
127.6,212.98,153.54,1578.1746826171875
127.7,213.09,153.61,1578.1746826171875
127.8,213.19,153.69,1578.1746826171875
127.9,213.3,153.77,1578.1746826171875
128.0,213.41,153.85,1578.1746826171875
128.1,213.52,153.93,1578.1746826171875
128.2,213.63,154.0,1578.1746826171875
128.3,213.73,154.08,1578.1746826171875
128.4,213.84,154.16,1578.1746826171875
128.5,213.95,154.24,1578.1746826171875
128.6,214.06,154.32,1578.1746826171875
128.7,214.17,154.39,1578.1746826171875
128.8,214.28,154.47,1578.1746826171875
128.9,214.38,154.55,1597.2320556640625
129.0,214.49,154.63,1597.2320556640625
129.1,214.6,154.71,1602.2646484375
129.2,214.71,154.78,1602.2646484375
129.3,214.82,154.86,1602.2646484375
129.4,214.92,154.94,1602.2646484375
129.5,215.03,155.02,1602.2646484375
129.6,215.14,155.1,1602.2646484375
129.7,215.25,155.17,1602.2646484375
129.8,215.36,155.25,1602.2646484375
129.9,215.46,155.33,1602.2646484375
130.0,215.57,155.41,1608.6966552734375
130.1,215.68,155.49,1608.6966552734375
130.2,215.79,155.56,1623.0635986328125
130.3,215.9,155.64,1623.0635986328125
130.4,216.01,155.72,1623.0635986328125
130.5,216.11,155.8,1623.0635986328125
130.6,216.22,155.88,1623.0635986328125
130.7,216.33,155.95,1623.0635986328125
130.8,216.44,156.03,1623.0635986328125
130.9,216.55,156.11,1623.0635986328125
131.0,216.65,156.19,1623.0635986328125
131.1,216.76,156.27,1623.0635986328125
131.2,216.87,156.34,1623.0635986328125
131.3,216.98,156.42,1623.0635986328125
131.4,217.09,156.5,1634.2845458984375
131.5,217.2,156.58,1634.2845458984375
131.6,217.3,156.66,1634.2845458984375
131.7,217.41,156.73,1634.2845458984375
131.8,217.52,156.81,1641.9976806640625
131.9,217.63,156.89,1641.9976806640625
132.0,217.74,156.97,1641.9976806640625
132.1,217.84,157.05,1641.9976806640625
132.2,217.95,157.12,1641.9976806640625
132.3,218.06,157.2,1641.9976806640625
132.4,218.17,157.28,1641.9976806640625
132.5,218.28,157.36,1641.9976806640625
132.6,218.38,157.44,1641.9976806640625
132.7,218.49,157.51,1656.5372314453125
132.8,218.6,157.59,1662.26611328125
132.9,218.71,157.67,1662.26611328125
133.0,218.82,157.75,1662.26611328125
133.1,218.93,157.83,1662.26611328125
133.2,219.03,157.9,1662.26611328125
133.3,219.14,157.98,1662.26611328125
133.4,219.25,158.06,1662.26611328125
133.5,219.36,158.14,1662.26611328125
133.6,219.47,158.22,1662.26611328125
133.7,219.57,158.29,1662.26611328125
133.8,219.68,158.37,1662.26611328125
133.9,219.79,158.45,1662.26611328125
134.0,219.9,158.53,1675.9761962890625
134.1,220.01,158.61,1675.9761962890625
134.2,220.11,158.68,1675.9761962890625
134.3,220.22,158.76,1675.9761962890625
134.4,220.33,158.84,1675.9761962890625
134.5,220.44,158.92,1675.9761962890625
134.6,220.55,159.0,1682.427978515625
134.7,220.66,159.07,1682.427978515625
134.8,220.76,159.15,1682.427978515625
134.9,220.87,159.23,1682.427978515625
135.0,220.98,159.31,1682.427978515625
135.1,221.09,159.39,1682.427978515625
135.2,221.2,159.46,1682.427978515625
135.3,221.3,159.54,1696.5745849609375
135.4,221.41,159.62,1696.5745849609375
135.5,221.52,159.7,1702.8507080078125
135.6,221.63,159.78,1702.8507080078125
135.7,221.74,159.85,1702.8507080078125
135.8,221.84,159.93,1702.8507080078125
135.9,221.95,160.01,1702.8507080078125
136.0,222.06,160.09,1702.8507080078125
136.1,222.17,160.17,1702.8507080078125
136.2,222.28,160.24,1702.8507080078125
136.3,222.39,160.32,1702.8507080078125
136.4,222.49,160.4,1702.8507080078125
136.5,222.6,160.48,1702.8507080078125
136.6,222.71,160.56,1716.2076416015625
136.7,222.82,160.63,1716.2076416015625
136.8,222.93,160.71,1716.2076416015625
136.9,223.03,160.79,1716.2076416015625
137.0,223.14,160.87,1716.2076416015625
137.1,223.25,160.95,1716.2076416015625
137.2,223.36,161.02,1716.2076416015625
137.3,223.47,161.1,1716.2076416015625
137.4,223.57,161.18,1722.9437255859375
137.5,223.68,161.26,1722.9437255859375
137.6,223.79,161.34,1722.9437255859375
137.7,223.9,161.41,1722.9437255859375
137.8,224.01,161.49,1722.9437255859375
137.9,224.12,161.57,1735.5850830078125
138.0,224.22,161.65,1735.5850830078125
138.1,224.33,161.73,1735.5850830078125
138.2,224.44,161.8,1735.5850830078125
138.3,224.55,161.88,1741.150390625
138.4,224.66,161.96,1741.150390625
138.5,224.76,162.04,1741.150390625
138.6,224.87,162.12,1741.150390625
138.7,224.98,162.19,1741.150390625
138.8,225.09,162.27,1741.150390625
138.9,225.2,162.35,1741.150390625
139.0,225.31,162.43,1741.150390625
139.1,225.41,162.51,1753.747314453125
139.2,225.52,162.59,1753.747314453125
139.3,225.63,162.66,1753.747314453125
139.4,225.74,162.74,1753.747314453125
139.5,225.85,162.82,1753.747314453125
139.6,225.95,162.9,1753.747314453125
139.7,226.06,162.98,1753.747314453125
139.8,226.17,163.05,1753.747314453125
139.9,226.28,163.13,1753.747314453125
140.0,226.39,163.21,1753.747314453125
140.1,226.49,163.29,1753.747314453125
140.2,226.6,163.37,1759.7821044921875
140.3,226.71,163.44,1759.7821044921875
140.4,226.82,163.52,1774.0545654296875
140.5,226.93,163.6,1774.0545654296875
140.6,227.04,163.68,1774.0545654296875
140.7,227.14,163.76,1774.0545654296875
140.8,227.25,163.83,1774.0545654296875
140.9,227.36,163.91,1774.0545654296875
141.0,227.47,163.99,1774.0545654296875
141.1,227.58,164.07,1780.4532470703125
141.2,227.68,164.15,1780.4532470703125
141.3,227.79,164.22,1780.4532470703125
141.4,227.9,164.3,1780.4532470703125
141.5,228.01,164.38,1780.4532470703125
141.6,228.12,164.46,1780.4532470703125
141.7,228.22,164.54,1789.241943359375
141.8,228.33,164.61,1789.241943359375
141.9,228.44,164.69,1789.241943359375
142.0,228.55,164.77,1789.241943359375
142.1,228.66,164.85,1789.241943359375
142.2,228.77,164.93,1789.241943359375
142.3,228.87,165.0,1789.241943359375
142.4,228.98,165.08,1789.241943359375
142.5,229.09,165.16,1789.241943359375
142.6,229.2,165.24,1789.241943359375
142.7,229.31,165.32,1789.241943359375
142.8,229.41,165.39,1789.241943359375
142.9,229.52,165.47,1793.006591796875
143.0,229.63,165.55,1808.26806640625
143.1,229.74,165.63,1808.26806640625
143.2,229.85,165.71,1808.26806640625
143.3,229.95,165.78,1808.26806640625
143.4,230.06,165.86,1808.26806640625
143.5,230.17,165.94,1808.26806640625
143.6,230.28,166.02,1808.26806640625
143.7,230.39,166.1,1808.26806640625
143.8,230.5,166.17,1808.26806640625
143.9,230.6,166.25,1811.5006103515625
144.0,230.71,166.33,1811.5006103515625
144.1,230.82,166.41,1811.5006103515625
144.2,230.93,166.49,1811.5006103515625
144.3,231.04,166.56,1822.3614501953125
144.4,231.14,166.64,1822.3614501953125
144.5,231.25,166.72,1822.3614501953125
144.6,231.36,166.8,1822.3614501953125
144.7,231.47,166.88,1822.3614501953125
144.8,231.58,166.95,1822.3614501953125
144.9,231.68,167.03,1822.3614501953125
145.0,231.79,167.11,1822.3614501953125
145.1,231.9,167.19,1822.3614501953125
145.2,232.01,167.27,1822.3614501953125
145.3,232.12,167.34,1822.3614501953125
145.4,232.23,167.42,1822.3614501953125
145.5,232.33,167.5,1822.3614501953125
145.6,232.44,167.58,1822.19189453125
145.7,232.55,167.66,1836.033935546875
145.8,232.66,167.73,1836.033935546875
145.9,232.77,167.81,1836.033935546875
146.0,232.87,167.89,1836.033935546875
146.1,232.98,167.97,1836.033935546875
146.2,233.09,168.05,1836.033935546875
146.3,233.2,168.12,1836.033935546875
146.4,233.31,168.2,1836.033935546875
146.5,233.41,168.28,1836.033935546875
146.6,233.52,168.36,1842.9306640625
146.7,233.63,168.44,1842.9306640625
146.8,233.74,168.51,1852.904296875
146.9,233.85,168.59,1852.904296875
147.0,233.96,168.67,1852.904296875
147.1,234.06,168.75,1852.904296875
147.2,234.17,168.83,1852.904296875
147.3,234.28,168.9,1852.904296875
147.4,234.39,168.98,1852.904296875
147.5,234.5,169.06,1852.904296875
147.6,234.6,169.14,1852.904296875
147.7,234.71,169.22,1852.904296875
147.8,234.82,169.29,1852.904296875
147.9,234.93,169.37,1852.904296875
148.0,235.04,169.45,1852.904296875
148.1,235.15,169.53,1854.7642822265625
148.2,235.25,169.61,1854.7642822265625
148.3,235.36,169.68,1854.7642822265625
148.4,235.47,169.76,1854.7642822265625
148.5,235.58,169.84,1861.5726318359375
148.6,235.69,169.92,1861.5726318359375
148.7,235.79,170.0,1861.5726318359375
148.8,235.9,170.07,1861.5726318359375
148.9,236.01,170.15,1861.5726318359375
149.0,236.12,170.23,1861.5726318359375
149.1,236.23,170.31,1861.5726318359375
149.2,236.33,170.39,1861.5726318359375
149.3,236.44,170.46,1861.5726318359375
149.4,236.55,170.54,1867.415771484375
149.5,236.66,170.62,1867.415771484375
149.6,236.77,170.7,1867.415771484375
149.7,236.88,170.78,1867.415771484375
149.8,236.98,170.85,1867.415771484375
149.9,237.09,170.93,1867.415771484375
150.0,237.2,171.01,1867.415771484375
150.1,237.31,171.09,1867.415771484375
150.2,237.42,171.17,1867.415771484375
150.3,237.52,171.24,1867.415771484375
150.4,237.63,171.32,1867.415771484375
150.5,237.74,171.4,1867.415771484375
150.6,237.85,171.48,1867.415771484375
150.7,237.96,171.56,1862.7886962890625
150.8,238.06,171.63,1862.7886962890625
150.9,238.17,171.71,1862.7886962890625
151.0,238.28,171.79,1862.7886962890625
151.1,238.39,171.87,1862.7886962890625
151.2,238.5,171.95,1862.7886962890625
151.3,238.61,172.02,1871.234130859375
151.4,238.71,172.1,1871.234130859375
151.5,238.82,172.18,1871.234130859375
151.6,238.93,172.26,1871.234130859375
151.7,239.04,172.34,1871.234130859375
151.8,239.15,172.41,1871.234130859375
151.9,239.25,172.49,1871.234130859375
152.0,239.36,172.57,1862.067138671875
152.1,239.47,172.65,1862.067138671875
152.2,239.58,172.73,1868.8992919921875
152.3,239.69,172.8,1868.8992919921875
152.4,239.79,172.88,1868.8992919921875
152.5,239.9,172.96,1868.8992919921875
152.6,240.01,173.04,1868.8992919921875
152.7,240.12,173.12,1868.8992919921875
152.8,240.23,173.19,1868.8992919921875
152.9,240.34,173.27,1868.8992919921875
153.0,240.44,173.35,1868.8992919921875
153.1,240.55,173.43,1868.8992919921875
153.2,240.66,173.51,1861.7830810546875
153.3,240.77,173.58,1861.7830810546875
153.4,240.88,173.66,1861.7830810546875
153.5,240.98,173.74,1861.7830810546875
153.6,241.09,173.82,1861.7830810546875
153.7,241.2,173.9,1861.7830810546875
153.8,241.31,173.97,1861.7830810546875
153.9,241.42,174.05,1861.7830810546875
154.0,241.52,174.13,1875.4761962890625
154.1,241.63,174.21,1875.4761962890625
154.2,241.74,174.29,1875.4761962890625
154.3,241.85,174.36,1875.4761962890625
154.4,241.96,174.44,1875.4761962890625
154.5,242.07,174.52,1862.3265380859375
154.6,242.17,174.6,1862.3265380859375
154.7,242.28,174.68,1862.3265380859375
154.8,242.39,174.75,1862.3265380859375
154.9,242.5,174.83,1862.3265380859375
155.0,242.61,174.91,1873.2935791015625
155.1,242.71,174.99,1873.2935791015625
155.2,242.82,175.07,1873.2935791015625
155.3,242.93,175.14,1873.2935791015625
155.4,243.04,175.22,1873.2935791015625
155.5,243.15,175.3,1873.2935791015625
155.6,243.26,175.38,1873.2935791015625
155.7,243.36,175.46,1873.2935791015625
155.8,243.47,175.53,1860.2386474609375
155.9,243.58,175.61,1860.2386474609375
156.0,243.69,175.69,1860.2386474609375
156.1,243.8,175.77,1860.2386474609375
156.2,243.9,175.85,1860.2386474609375
156.3,244.01,175.92,1860.2386474609375
156.4,244.12,176.0,1860.2386474609375
156.5,244.23,176.08,1860.2386474609375
156.6,244.34,176.16,1860.2386474609375
156.7,244.44,176.24,1860.2386474609375
156.8,244.55,176.31,1867.7574462890625
156.9,244.66,176.39,1867.7574462890625
157.0,244.77,176.47,1867.7574462890625
157.1,244.88,176.55,1864.3724365234375
157.2,244.99,176.63,1864.3724365234375
157.3,245.09,176.7,1864.3724365234375
157.4,245.2,176.78,1864.3724365234375
157.5,245.31,176.86,1864.3724365234375
157.6,245.42,176.94,1864.3724365234375
157.7,245.53,177.02,1863.468017578125
157.8,245.63,177.09,1863.468017578125
157.9,245.74,177.17,1863.468017578125
158.0,245.85,177.25,1863.468017578125
158.1,245.96,177.33,1863.468017578125
158.2,246.07,177.41,1863.468017578125
158.3,246.17,177.48,1863.468017578125
158.4,246.28,177.56,1859.49169921875
158.5,246.39,177.64,1859.49169921875
158.6,246.5,177.72,1859.49169921875
158.7,246.61,177.8,1859.49169921875
158.8,246.72,177.87,1859.49169921875
158.9,246.82,177.95,1859.49169921875
159.0,246.93,178.03,1859.49169921875
159.1,247.04,178.11,1859.49169921875
159.2,247.15,178.19,1859.49169921875
159.3,247.26,178.26,1859.49169921875
159.4,247.36,178.34,1859.49169921875
159.5,247.47,178.42,1859.49169921875
159.6,247.58,178.5,1853.9749755859375
159.7,247.69,178.58,1846.321044921875
159.8,247.8,178.65,1846.321044921875
159.9,247.9,178.73,1846.321044921875
160.0,248.01,178.81,1846.321044921875
160.1,248.12,178.89,1846.321044921875
160.2,248.23,178.97,1846.321044921875
160.3,248.34,179.04,1846.321044921875
160.4,248.45,179.12,1846.321044921875
160.5,248.55,179.2,1841.3802490234375
160.6,248.66,179.28,1841.3802490234375
160.7,248.77,179.36,1841.3802490234375
160.8,248.88,179.43,1841.3802490234375
160.9,248.99,179.51,1833.4677734375
161.0,249.09,179.59,1833.4677734375
161.1,249.2,179.67,1833.4677734375
161.2,249.31,179.75,1833.4677734375
161.3,249.42,179.82,1833.4677734375
161.4,249.53,179.9,1833.4677734375
161.5,249.63,179.98,1833.4677734375
161.6,249.74,180.06,1833.4677734375
161.7,249.85,180.14,1833.4677734375
161.8,249.96,180.21,1833.4677734375
161.9,250.07,180.29,1833.4677734375
162.0,250.18,180.37,1833.4677734375
162.1,250.28,180.45,1833.4677734375
162.2,250.39,180.53,1825.152587890625
162.3,250.5,180.6,1816.6033935546875
162.4,250.61,180.68,1816.6033935546875
162.5,250.72,180.76,1816.6033935546875
162.6,250.82,180.84,1816.6033935546875
162.7,250.93,180.92,1816.6033935546875
162.8,251.04,180.99,1816.6033935546875
162.9,251.15,181.07,1816.6033935546875
163.0,251.26,181.15,1816.6033935546875
163.1,251.37,181.23,1816.6033935546875
163.2,251.47,181.31,1816.6033935546875
163.3,251.58,181.38,1806.69482421875
163.4,251.69,181.46,1806.69482421875
163.5,251.8,181.54,1800.574462890625
163.6,251.91,181.62,1800.574462890625
163.7,252.01,181.7,1800.574462890625
163.8,252.12,181.77,1800.574462890625
163.9,252.23,181.85,1800.574462890625
164.0,252.34,181.93,1800.574462890625
164.1,252.45,182.01,1800.574462890625
164.2,252.55,182.09,1800.574462890625
164.3,252.66,182.16,1800.574462890625
164.4,252.77,182.24,1800.574462890625
164.5,252.88,182.32,1800.574462890625
164.6,252.99,182.4,1800.574462890625
164.7,253.1,182.48,1800.574462890625
164.8,253.2,182.55,1792.2984619140625
164.9,253.31,182.63,1792.2984619140625
165.0,253.42,182.71,1792.2984619140625
165.1,253.53,182.79,1787.0977783203125
165.2,253.64,182.87,1787.0977783203125
165.3,253.74,182.94,1787.0977783203125
165.4,253.85,183.02,1787.0977783203125
165.5,253.96,183.1,1787.0977783203125
165.6,254.07,183.18,1787.0977783203125
165.7,254.18,183.26,1787.0977783203125
165.8,254.28,183.33,1787.0977783203125
165.9,254.39,183.41,1787.0977783203125
166.0,254.5,183.49,1778.8505859375
166.1,254.61,183.57,1770.6048583984375
166.2,254.72,183.65,1770.6048583984375
166.3,254.83,183.72,1770.6048583984375
166.4,254.93,183.8,1770.6048583984375
166.5,255.04,183.88,1770.6048583984375
166.6,255.15,183.96,1770.6048583984375
166.7,255.26,184.04,1770.6048583984375
166.8,255.37,184.11,1770.6048583984375
166.9,255.47,184.19,1770.6048583984375
167.0,255.58,184.27,1770.6048583984375
167.1,255.69,184.35,1770.6048583984375
167.2,255.8,184.43,1770.6048583984375
167.3,255.91,184.5,1760.1080322265625
167.4,256.01,184.58,1760.1080322265625
167.5,256.12,184.66,1760.1080322265625
167.6,256.23,184.74,1760.1080322265625
167.7,256.34,184.82,1760.1080322265625
167.8,256.45,184.89,1760.1080322265625
167.9,256.56,184.97,1751.39453125
168.0,256.66,185.05,1751.39453125
168.1,256.77,185.13,1751.39453125
168.2,256.88,185.21,1751.39453125
168.3,256.99,185.28,1751.39453125
168.4,257.1,185.36,1751.39453125
168.5,257.2,185.44,1751.39453125
168.6,257.31,185.52,1740.9969482421875
168.7,257.42,185.6,1740.9969482421875
168.8,257.53,185.67,1731.4144287109375
168.9,257.64,185.75,1731.4144287109375
169.0,257.74,185.83,1731.4144287109375
169.1,257.85,185.91,1731.4144287109375
169.2,257.96,185.99,1731.4144287109375
169.3,258.07,186.06,1731.4144287109375
169.4,258.18,186.14,1731.4144287109375
169.5,258.29,186.22,1731.4144287109375
169.6,258.39,186.3,1731.4144287109375
169.7,258.5,186.38,1731.4144287109375
169.8,258.61,186.45,1731.4144287109375
169.9,258.72,186.53,1732.9561767578125
170.0,258.83,186.61,1732.9561767578125
170.1,258.93,186.69,1732.9561767578125
170.2,259.04,186.77,1732.9561767578125
170.3,259.15,186.85,1732.9561767578125
170.4,259.26,186.92,1732.9561767578125
170.5,259.37,187.0,1732.9561767578125
170.6,259.48,187.08,1732.9561767578125
170.7,259.58,187.16,1723.4375
170.8,259.69,187.24,1723.4375
170.9,259.8,187.31,1723.4375
171.0,259.91,187.39,1723.4375
171.1,260.02,187.47,1723.4375
171.2,260.12,187.55,1713.5048828125
171.3,260.23,187.63,1713.5048828125
171.4,260.34,187.7,1713.5048828125
171.5,260.45,187.78,1713.5048828125
171.6,260.56,187.86,1706.2926025390625
171.7,260.66,187.94,1706.2926025390625
171.8,260.77,188.02,1706.2926025390625
171.9,260.88,188.09,1706.2926025390625
172.0,260.99,188.17,1706.2926025390625
172.1,261.1,188.25,1706.2926025390625
172.2,261.21,188.33,1706.2926025390625
172.3,261.31,188.41,1706.2926025390625
172.4,261.42,188.48,1706.2926025390625
172.5,261.53,188.56,1692.3858642578125
172.6,261.64,188.64,1692.3858642578125
172.7,261.75,188.72,1692.3858642578125
172.8,261.85,188.8,1692.3858642578125
172.9,261.96,188.87,1692.3858642578125
173.0,262.07,188.95,1692.3858642578125
173.1,262.18,189.03,1692.3858642578125
173.2,262.29,189.11,1692.3858642578125
173.3,262.39,189.19,1692.3858642578125
173.4,262.5,189.26,1682.4932861328125
173.5,262.61,189.34,1682.4932861328125
173.6,262.72,189.42,1682.4932861328125
173.7,262.83,189.5,1682.4932861328125
173.8,262.94,189.58,1673.4046630859375
173.9,263.04,189.65,1673.4046630859375
174.0,263.15,189.73,1673.4046630859375
174.1,263.26,189.81,1673.4046630859375
174.2,263.37,189.89,1673.4046630859375
174.3,263.48,189.97,1673.4046630859375
174.4,263.58,190.04,1664.203857421875
174.5,263.69,190.12,1664.203857421875
174.6,263.8,190.2,1664.203857421875
174.7,263.91,190.28,1664.203857421875
174.8,264.02,190.36,1664.203857421875
174.9,264.12,190.43,1664.203857421875
175.0,264.23,190.51,1654.60107421875
175.1,264.34,190.59,1654.60107421875
175.2,264.45,190.67,1654.60107421875
175.3,264.56,190.75,1654.60107421875
175.4,264.67,190.82,1654.60107421875
175.5,264.77,190.9,1654.60107421875
175.6,264.88,190.98,1654.60107421875
175.7,264.99,191.06,1654.60107421875
175.8,265.1,191.14,1654.60107421875
175.9,265.21,191.21,1654.60107421875
176.0,265.31,191.29,1654.60107421875
176.1,265.42,191.37,1654.60107421875
176.2,265.53,191.45,1645.625732421875
176.3,265.64,191.53,1641.4359130859375
176.4,265.75,191.6,1641.4359130859375
176.5,265.85,191.68,1641.4359130859375
176.6,265.96,191.76,1641.4359130859375
176.7,266.07,191.84,1641.4359130859375
176.8,266.18,191.92,1641.4359130859375
176.9,266.29,191.99,1641.4359130859375
177.0,266.4,192.07,1641.4359130859375
177.1,266.5,192.15,1629.6510009765625
177.2,266.61,192.23,1629.6510009765625
177.3,266.72,192.31,1629.6510009765625
177.4,266.83,192.38,1629.6510009765625
177.5,266.94,192.46,1629.6510009765625
177.6,267.04,192.54,1620.5921630859375
177.7,267.15,192.62,1620.5921630859375
177.8,267.26,192.7,1620.5921630859375
177.9,267.37,192.77,1620.5921630859375
178.0,267.48,192.85,1620.5921630859375
178.1,267.59,192.93,1620.5921630859375
178.2,267.69,193.01,1620.5921630859375
178.3,267.8,193.09,1620.5921630859375
178.4,267.91,193.16,1620.5921630859375
178.5,268.02,193.24,1620.5921630859375
178.6,268.13,193.32,1620.5921630859375
178.7,268.23,193.4,1620.5921630859375
178.8,268.34,193.48,1620.5921630859375
178.9,268.45,193.55,1610.0665283203125
179.0,268.56,193.63,1607.8475341796875
179.1,268.67,193.71,1607.8475341796875
179.2,268.77,193.79,1607.8475341796875
179.3,268.88,193.87,1607.8475341796875
179.4,268.99,193.94,1607.8475341796875
179.5,269.1,194.02,1607.8475341796875
179.6,269.21,194.1,1607.8475341796875
179.7,269.32,194.18,1607.8475341796875
179.8,269.42,194.26,1607.8475341796875
179.9,269.53,194.33,1613.80810546875
180.0,269.64,194.41,1613.80810546875
180.1,269.75,194.49,1613.80810546875
180.2,269.86,194.57,1602.1080322265625
180.3,269.96,194.65,1602.1080322265625
180.4,270.07,194.72,1602.1080322265625
180.5,270.18,194.8,1602.1080322265625
180.6,270.29,194.88,1602.1080322265625
180.7,270.4,194.96,1602.1080322265625
180.8,270.5,195.04,1602.1080322265625
180.9,270.61,195.11,1602.1080322265625
181.0,270.72,195.19,1602.1080322265625
181.1,270.83,195.27,1602.1080322265625
181.2,270.94,195.35,1602.1080322265625
181.3,271.05,195.43,1602.1080322265625
181.4,271.15,195.5,1590.2703857421875
181.5,271.26,195.58,1590.2703857421875
181.6,271.37,195.66,1590.2703857421875
181.7,271.48,195.74,1590.2703857421875
181.8,271.59,195.82,1602.227783203125
181.9,271.69,195.89,1602.227783203125
182.0,271.8,195.97,1602.227783203125
182.1,271.91,196.05,1602.227783203125
182.2,272.02,196.13,1602.227783203125
182.3,272.13,196.21,1602.227783203125
182.4,272.23,196.28,1602.227783203125
182.5,272.34,196.36,1602.227783203125
182.6,272.45,196.44,1602.227783203125
182.7,272.56,196.52,1599.1158447265625
182.8,272.67,196.6,1599.1158447265625
182.9,272.78,196.67,1599.1158447265625
183.0,272.88,196.75,1599.1158447265625
183.1,272.99,196.83,1599.1158447265625
183.2,273.1,196.91,1599.1158447265625
183.3,273.21,196.99,1599.1158447265625
183.4,273.32,197.06,1599.1158447265625
183.5,273.42,197.14,1599.1158447265625
183.6,273.53,197.22,1599.1158447265625
183.7,273.64,197.3,1599.1158447265625
183.8,273.75,197.38,1599.1158447265625
183.9,273.86,197.45,1599.1158447265625
184.0,273.96,197.53,1598.719970703125
184.1,274.07,197.61,1598.719970703125
184.2,274.18,197.69,1598.719970703125
184.3,274.29,197.77,1598.719970703125
184.4,274.4,197.84,1598.719970703125
184.5,274.51,197.92,1583.48583984375
184.6,274.61,198.0,1583.48583984375
184.7,274.72,198.08,1583.48583984375
184.8,274.83,198.16,1583.48583984375
184.9,274.94,198.23,1583.48583984375
185.0,275.05,198.31,1583.48583984375
185.1,275.15,198.39,1583.48583984375
185.2,275.26,198.47,1583.48583984375
185.3,275.37,198.55,1574.6246337890625
185.4,275.48,198.62,1574.6246337890625
185.5,275.59,198.7,1565.311279296875
185.6,275.7,198.78,1565.311279296875
185.7,275.8,198.86,1565.311279296875
185.8,275.91,198.94,1565.311279296875
185.9,276.0,199.0,1565.311279296875
